estado,cve_ent,anio,inflacion_general,inflacion_construccion,crecimiento_salario,tasa_desocupacion
Aguascalientes,01,2011,0.030054,0.730210,0.006844,0.067942
Baja California,02,2011,0.022839,0.902351,0.006844,0.056874
Baja California Sur,03,2011,0.023747,0.306821,0.006844,0.059628
Campeche,04,2011,0.037720,-0.265876,0.006844,0.031066
Coahuila,05,2011,0.030457,0.890457,0.006844,0.076487
Colima,06,2011,0.035018,-0.092503,0.006844,0.044434
Chiapas,07,2011,0.041465,0.346525,0.006844,0.026883
Chihuahua,08,2011,0.027890,1.315151,0.006844,0.072289
Ciudad de México,09,2011,0.037346,0.774371,0.006844,0.067942
Durango,10,2011,0.039150,1.088979,0.006844,0.054348
Guanajuato,11,2011,0.034936,0.372998,0.006844,0.058942
Guerrero,12,2011,0.034502,0.776091,0.006844,0.019888
Hidalgo,13,2011,0.035070,0.039391,0.006844,0.043572
Jalisco,14,2011,0.032706,0.912775,0.006844,0.054567
México,15,2011,0.039061,1.783549,0.006844,0.067254
Michoacán,16,2011,0.039632,0.323578,0.006844,0.036107
Morelos,17,2011,0.034074,1.694062,0.006844,0.041367
Nayarit,18,2011,0.038815,0.473843,0.006844,0.041184
Nuevo León,19,2011,0.028067,-0.103397,0.006844,0.065398
Oaxaca,20,2011,0.037880,1.434058,0.006844,0.024235
Puebla,21,2011,0.050188,0.335635,0.006844,0.040435
Querétaro,22,2011,0.037109,0.561658,0.006844,0.067367
Quintana Roo,23,2011,0.029958,0.560157,0.006844,0.052502
San Luis Potosí,24,2011,0.031728,0.937793,0.006844,0.041363
Sinaloa,25,2011,0.026668,1.176296,0.006844,0.043581
Sonora,26,2011,0.022637,0.430586,0.006844,0.073498
Tabasco,27,2011,0.039148,0.566449,0.006844,0.075450
Tamaulipas,28,2011,0.033038,1.005932,0.006844,0.071461
Tlaxcala,29,2011,0.046922,1.001305,0.006844,0.066519
Veracruz,30,2011,0.039971,1.068809,0.006844,0.033188
Yucatán,31,2011,0.037220,0.521499,0.006844,0.029763
Zacatecas,32,2011,0.040034,0.713436,0.006844,0.050979
Aguascalientes,01,2012,0.039595,-0.257303,0.001176,0.066699
Baja California,02,2012,0.039185,-0.523435,0.001176,0.061092
Baja California Sur,03,2012,0.036495,-0.621807,0.001176,0.058962
Campeche,04,2012,0.038631,-0.099507,0.001176,0.030041
Coahuila,05,2012,0.033364,0.110718,0.001176,0.059571
Colima,06,2012,0.045296,-0.224428,0.001176,0.044818
Chiapas,07,2012,0.047265,0.344790,0.001176,0.021989
Chihuahua,08,2012,0.039676,-0.287430,0.001176,0.069122
Ciudad de México,09,2012,0.041094,-0.121594,0.001176,0.063064
Durango,10,2012,0.047721,-0.308481,0.001176,0.064652
Guanajuato,11,2012,0.038178,-0.493672,0.001176,0.058909
Guerrero,12,2012,0.042422,-0.349829,0.001176,0.024831
Hidalgo,13,2012,0.053003,-0.336964,0.001176,0.045381
Jalisco,14,2012,0.035558,-0.266072,0.001176,0.053176
México,15,2012,0.042148,-0.272759,0.001176,0.061982
Michoacán,16,2012,0.039962,-0.624696,0.001176,0.029430
Morelos,17,2012,0.041204,-0.261915,0.001176,0.033677
Nayarit,18,2012,0.041610,-0.267604,0.001176,0.049827
Nuevo León,19,2012,0.036086,-0.176891,0.001176,0.061129
Oaxaca,20,2012,0.042051,-0.408575,0.001176,0.029218
Puebla,21,2012,0.042984,-0.332784,0.001176,0.046497
Querétaro,22,2012,0.043239,-0.278819,0.001176,0.057366
Quintana Roo,23,2012,0.036354,-0.300385,0.001176,0.044853
San Luis Potosí,24,2012,0.046943,0.070720,0.001176,0.041076
Sinaloa,25,2012,0.045348,0.019278,0.001176,0.051341
Sonora,26,2012,0.038424,0.016881,0.001176,0.065149
Tabasco,27,2012,0.042981,-0.266260,0.001176,0.065335
Tamaulipas,28,2012,0.029704,0.085434,0.001176,0.074759
Tlaxcala,29,2012,0.046531,-0.241826,0.001176,0.065576
Veracruz,30,2012,0.043812,-0.567507,0.001176,0.039465
Yucatán,31,2012,0.043245,-0.312463,0.001176,0.027311
Zacatecas,32,2012,0.042720,-0.077177,0.001176,0.066283
Aguascalientes,01,2013,0.030388,-1.093722,0.004700,0.062015
Baja California,02,2013,0.028730,-1.360438,0.004700,0.062940
Baja California Sur,03,2013,0.038932,-1.394617,0.004700,0.053315
Campeche,04,2013,0.035803,-1.077242,0.004700,0.021562
Coahuila,05,2013,0.029308,-1.339347,0.004700,0.055264
Colima,06,2013,0.041138,-1.168133,0.004700,0.044496
Chiapas,07,2013,0.042257,-0.852606,0.004700,0.023232
Chihuahua,08,2013,0.038588,-1.082724,0.004700,0.064781
Ciudad de México,09,2013,0.042323,-1.246347,0.004700,0.062120
Durango,10,2013,0.038756,-0.851876,0.004700,0.056887
Guanajuato,11,2013,0.040224,-1.218853,0.004700,0.060749
Guerrero,12,2013,0.028407,-1.189967,0.004700,0.021731
Hidalgo,13,2013,0.042508,-1.200869,0.004700,0.047633
Jalisco,14,2013,0.035766,-0.842120,0.004700,0.048250
México,15,2013,0.036807,-1.396312,0.004700,0.059581
Michoacán,16,2013,0.036133,-1.041062,0.004700,0.037172
Morelos,17,2013,0.035071,-1.318681,0.004700,0.035474
Nayarit,18,2013,0.038282,-1.051211,0.004700,0.054963
Nuevo León,19,2013,0.029487,-1.364199,0.004700,0.057336
Oaxaca,20,2013,0.035764,-0.997744,0.004700,0.026869
Puebla,21,2013,0.032274,-1.113123,0.004700,0.039600
Querétaro,22,2013,0.041459,-0.795913,0.004700,0.050141
Quintana Roo,23,2013,0.032276,-1.537476,0.004700,0.042721
San Luis Potosí,24,2013,0.040126,-0.963639,0.004700,0.032837
Sinaloa,25,2013,0.024451,-1.062404,0.004700,0.046267
Sonora,26,2013,0.064429,-1.399650,0.004700,0.063757
Tabasco,27,2013,0.039385,-0.925650,0.004700,0.056741
Tamaulipas,28,2013,0.037041,-0.899267,0.004700,0.065696
Tlaxcala,29,2013,0.033710,-0.973166,0.004700,0.059015
Veracruz,30,2013,0.032664,-1.528649,0.004700,0.032988
Yucatán,31,2013,0.034284,-1.249766,0.004700,0.028208
Zacatecas,32,2013,0.031719,-1.124395,0.004700,0.055145
Aguascalientes,01,2014,0.032861,-6.420361,0.000390,0.055718
Baja California,02,2014,0.041315,-3.377222,0.000390,0.054305
Baja California Sur,03,2014,0.040696,-8.462875,0.000390,0.054276
Campeche,04,2014,0.052926,-31.313318,0.000390,0.024600
Coahuila,05,2014,0.038243,-1.820524,0.000390,0.055494
Colima,06,2014,0.037936,-5.237097,0.000390,0.051392
Chiapas,07,2014,0.053443,2.767429,0.000390,0.029606
Chihuahua,08,2014,0.035968,-6.779437,0.000390,0.052432
Ciudad de México,09,2014,0.044478,-3.206778,0.000390,0.061709
Durango,10,2014,0.036994,2.904001,0.000390,0.059392
Guanajuato,11,2014,0.045014,-4.038525,0.000390,0.057304
Guerrero,12,2014,0.036022,-3.922639,0.000390,0.025041
Hidalgo,13,2014,0.040623,-5.538647,0.000390,0.049984
Jalisco,14,2014,0.037986,1.526627,0.000390,0.048292
México,15,2014,0.041478,-2.075649,0.000390,0.058115
Michoacán,16,2014,0.032396,-17.874690,0.000390,0.042994
Morelos,17,2014,0.026470,-3.056971,0.000390,0.041271
Nayarit,18,2014,0.036698,-8.048209,0.000390,0.053101
Nuevo León,19,2014,0.036222,-2.588954,0.000390,0.056314
Oaxaca,20,2014,0.035070,52.626389,0.000390,0.028799
Puebla,21,2014,0.035960,-3.543546,0.000390,0.040878
Querétaro,22,2014,0.036286,1.729197,0.000390,0.054918
Quintana Roo,23,2014,0.047925,-1.379884,0.000390,0.044222
San Luis Potosí,24,2014,0.035596,12.280841,0.000390,0.034796
Sinaloa,25,2014,0.034163,-5.465947,0.000390,0.050212
Sonora,26,2014,0.027524,-1.867245,0.000390,0.055425
Tabasco,27,2014,0.050249,-1.010164,0.000390,0.066577
Tamaulipas,28,2014,0.032714,3.623726,0.000390,0.068181
Tlaxcala,29,2014,0.043985,35.918288,0.000390,0.056187
Veracruz,30,2014,0.041779,-2.611742,0.000390,0.035530
Yucatán,31,2014,0.044459,-2.275708,0.000390,0.030925
Zacatecas,32,2014,0.042537,-4.529398,0.000390,0.047355
Aguascalientes,01,2015,0.024666,0.929098,0.020265,0.059919
Baja California,02,2015,0.029365,1.422923,0.020265,0.056881
Baja California Sur,03,2015,0.022570,-0.009069,0.020265,0.058856
Campeche,04,2015,0.028492,0.032016,0.020265,0.028141
Coahuila,05,2015,0.025721,2.338032,0.020265,0.053951
Colima,06,2015,0.024393,0.554679,0.020265,0.047403
Chiapas,07,2015,0.030889,-0.193678,0.020265,0.031467
Chihuahua,08,2015,0.024857,0.564176,0.020265,0.042402
Ciudad de México,09,2015,0.031135,0.792178,0.020265,0.065767
Durango,10,2015,0.034923,0.885380,0.020265,0.058422
Guanajuato,11,2015,0.028518,0.588910,0.020265,0.048416
Guerrero,12,2015,0.025626,1.243470,0.020265,0.019688
Hidalgo,13,2015,0.034099,0.741847,0.020265,0.042655
Jalisco,14,2015,0.029188,1.312089,0.020265,0.051613
México,15,2015,0.031509,2.074278,0.020265,0.058989
Michoacán,16,2015,0.023120,0.421213,0.020265,0.035143
Morelos,17,2015,0.022452,0.736555,0.020265,0.039215
Nayarit,18,2015,0.028019,0.723455,0.020265,0.056319
Nuevo León,19,2015,0.023949,0.778392,0.020265,0.052478
Oaxaca,20,2015,0.027047,7.512884,0.020265,0.029504
Puebla,21,2015,0.031664,1.170987,0.020265,0.039233
Querétaro,22,2015,0.031404,0.480364,0.020265,0.057953
Quintana Roo,23,2015,0.024034,4.925854,0.020265,0.050198
San Luis Potosí,24,2015,0.024564,-0.083370,0.020265,0.031260
Sinaloa,25,2015,0.024714,1.905526,0.020265,0.051805
Sonora,26,2015,0.022623,1.960430,0.020265,0.055316
Tabasco,27,2015,0.027743,-1045.872414,0.020265,0.064670
Tamaulipas,28,2015,0.019507,1.037554,0.020265,0.053222
Tlaxcala,29,2015,0.028133,0.247663,0.020265,0.054043
Veracruz,30,2015,0.030027,0.462839,0.020265,0.036132
Yucatán,31,2015,0.022939,1.216052,0.020265,0.026714
Zacatecas,32,2015,0.019173,2.913973,0.020265,0.047815
Aguascalientes,01,2016,0.023962,0.882615,0.031958,0.045033
Baja California,02,2016,0.040207,0.458177,0.031958,0.041682
Baja California Sur,03,2016,0.023483,1.549169,0.031958,0.047861
Campeche,04,2016,0.030759,0.308518,0.031958,0.028847
Coahuila,05,2016,0.024672,0.465327,0.031958,0.051010
Colima,06,2016,0.025107,0.624803,0.031958,0.046776
Chiapas,07,2016,0.026722,1.787011,0.031958,0.030938
Chihuahua,08,2016,0.026813,0.817626,0.031958,0.037286
Ciudad de México,09,2016,0.029477,0.811431,0.031958,0.053443
Durango,10,2016,0.025007,0.804322,0.031958,0.049015
Guanajuato,11,2016,0.027469,1.998697,0.031958,0.047432
Guerrero,12,2016,0.029387,0.444508,0.031958,0.020926
Hidalgo,13,2016,0.030346,0.188634,0.031958,0.038209
Jalisco,14,2016,0.032689,1.021089,0.031958,0.046832
México,15,2016,0.025029,0.624222,0.031958,0.054354
Michoacán,16,2016,0.026185,2.023425,0.031958,0.031713
Morelos,17,2016,0.027079,0.368437,0.031958,0.032564
Nayarit,18,2016,0.028005,0.608110,0.031958,0.053806
Nuevo León,19,2016,0.023353,1.122670,0.031958,0.046015
Oaxaca,20,2016,0.033173,1.173749,0.031958,0.029486
Puebla,21,2016,0.030785,2.405997,0.031958,0.032066
Querétaro,22,2016,0.034054,0.809957,0.031958,0.047192
Quintana Roo,23,2016,0.025077,0.932946,0.031958,0.040144
San Luis Potosí,24,2016,0.024984,2.751529,0.031958,0.030005
Sinaloa,25,2016,0.021697,1.066069,0.031958,0.043208
Sonora,26,2016,0.022216,0.461314,0.031958,0.049110
Tabasco,27,2016,0.021567,1.076520,0.031958,0.067413
Tamaulipas,28,2016,0.022630,0.356852,0.031958,0.048439
Tlaxcala,29,2016,0.027794,1.128042,0.031958,0.048763
Veracruz,30,2016,0.024455,0.914190,0.031958,0.037131
Yucatán,31,2016,0.023679,0.948338,0.031958,0.026129
Zacatecas,32,2016,0.028105,0.272494,0.031958,0.036020
Aguascalientes,01,2017,0.068790,0.320751,0.042196,0.039729
Baja California,02,2017,0.073451,0.839706,0.042196,0.026880
Baja California Sur,03,2017,0.056223,0.092676,0.042196,0.046093
Campeche,04,2017,0.061700,0.249429,0.042196,0.037021
Coahuila,05,2017,0.070854,0.145991,0.042196,0.044495
Colima,06,2017,0.055748,0.227945,0.042196,0.040834
Chiapas,07,2017,0.048197,0.468227,0.042196,0.030621
Chihuahua,08,2017,0.061180,0.484518,0.042196,0.031586
Ciudad de México,09,2017,0.059741,0.519826,0.042196,0.050340
Durango,10,2017,0.064447,0.141702,0.042196,0.044930
Guanajuato,11,2017,0.068250,0.370289,0.042196,0.039946
Guerrero,12,2017,0.053290,0.540618,0.042196,0.020184
Hidalgo,13,2017,0.061305,0.413349,0.042196,0.031449
Jalisco,14,2017,0.054416,0.252924,0.042196,0.036448
México,15,2017,0.066381,0.522145,0.042196,0.051300
Michoacán,16,2017,0.061724,0.242191,0.042196,0.027599
Morelos,17,2017,0.061988,-0.119079,0.042196,0.026352
Nayarit,18,2017,0.053482,1.210412,0.042196,0.039871
Nuevo León,19,2017,0.056326,0.243974,0.042196,0.042835
Oaxaca,20,2017,0.057567,0.517706,0.042196,0.019613
Puebla,21,2017,0.057916,0.057141,0.042196,0.029454
Querétaro,22,2017,0.062379,0.466768,0.042196,0.044406
Quintana Roo,23,2017,0.049658,0.288345,0.042196,0.032642
San Luis Potosí,24,2017,0.058970,0.094464,0.042196,0.024906
Sinaloa,25,2017,0.055162,-0.027016,0.042196,0.037602
Sonora,26,2017,0.054791,0.464016,0.042196,0.050106
Tabasco,27,2017,0.053697,0.528255,0.042196,0.074518
Tamaulipas,28,2017,0.057028,-0.062963,0.042196,0.046884
Tlaxcala,29,2017,0.057522,0.130963,0.042196,0.041217
Veracruz,30,2017,0.051289,0.114720,0.042196,0.035493
Yucatán,31,2017,0.061348,0.337727,0.042196,0.019918
Zacatecas,32,2017,0.063199,-0.062533,0.042196,0.028646
Aguascalientes,01,2018,0.048526,-0.359924,0.043566,0.036303
Baja California,02,2018,0.057518,-0.355445,0.043566,0.028525
Baja California Sur,03,2018,0.036588,-0.362108,0.043566,0.043568
Campeche,04,2018,0.049736,-0.167115,0.043566,0.038033
Coahuila,05,2018,0.049433,-0.438586,0.043566,0.043882
Colima,06,2018,0.045126,-0.151975,0.043566,0.036257
Chiapas,07,2018,0.051465,-0.264581,0.043566,0.025750
Chihuahua,08,2018,0.048231,-0.309621,0.043566,0.027004
Ciudad de México,09,2018,0.052842,-0.497755,0.043566,0.046029
Durango,10,2018,0.053374,-0.335386,0.043566,0.038185
Guanajuato,11,2018,0.046950,-0.535806,0.043566,0.035737
Guerrero,12,2018,0.047246,-0.240351,0.043566,0.016466
Hidalgo,13,2018,0.059769,-0.493604,0.043566,0.028944
Jalisco,14,2018,0.043806,-0.352900,0.043566,0.028204
México,15,2018,0.049183,-0.320195,0.043566,0.039928
Michoacán,16,2018,0.043215,-0.011360,0.043566,0.026072
Morelos,17,2018,0.044955,0.096166,0.043566,0.020670
Nayarit,18,2018,0.047878,-0.530312,0.043566,0.035796
Nuevo León,19,2018,0.039926,-0.194525,0.043566,0.037971
Oaxaca,20,2018,0.045785,-0.606443,0.043566,0.021889
Puebla,21,2018,0.046772,-0.252838,0.043566,0.027477
Querétaro,22,2018,0.058531,-0.386042,0.043566,0.043185
Quintana Roo,23,2018,0.038038,-0.256937,0.043566,0.031715
San Luis Potosí,24,2018,0.051293,-0.431638,0.043566,0.023850
Sinaloa,25,2018,0.043301,-0.448942,0.043566,0.036649
Sonora,26,2018,0.046777,-0.364811,0.043566,0.037611
Tabasco,27,2018,0.039466,-0.569382,0.043566,0.069956
Tamaulipas,28,2018,0.047122,-0.130765,0.043566,0.041748
Tlaxcala,29,2018,0.051071,-0.451141,0.043566,0.037352
Veracruz,30,2018,0.046120,-0.371861,0.043566,0.035347
Yucatán,31,2018,0.051452,0.081724,0.043566,0.020595
Zacatecas,32,2018,0.056051,-0.465958,0.043566,0.027889
Aguascalientes,01,2019,0.037901,-0.708315,0.186160,0.034501
Baja California,02,2019,0.028568,-0.745223,0.186160,0.025137
Baja California Sur,03,2019,0.041378,-1.119601,0.186160,0.037825
Campeche,04,2019,0.042608,-0.655769,0.186160,0.032654
Coahuila,05,2019,0.043513,-0.724287,0.186160,0.041419
Colima,06,2019,0.038123,-0.924189,0.186160,0.032521
Chiapas,07,2019,0.030952,-0.773116,0.186160,0.027829
Chihuahua,08,2019,0.040088,-0.687553,0.186160,0.031534
Ciudad de México,09,2019,0.038949,-0.581146,0.186160,0.046195
Durango,10,2019,0.042836,-0.645740,0.186160,0.042909
Guanajuato,11,2019,0.037504,-0.760624,0.186160,0.035970
Guerrero,12,2019,0.045993,-0.722992,0.186160,0.012140
Hidalgo,13,2019,0.035321,-0.594814,0.186160,0.025008
Jalisco,14,2019,0.039297,-0.736280,0.186160,0.027138
México,15,2019,0.030165,-0.785740,0.186160,0.039512
Michoacán,16,2019,0.029524,-0.705682,0.186160,0.022152
Morelos,17,2019,0.036660,-0.627312,0.186160,0.021196
Nayarit,18,2019,0.037804,-0.699999,0.186160,0.039481
Nuevo León,19,2019,0.037299,-0.929527,0.186160,0.035884
Oaxaca,20,2019,0.038402,-0.279319,0.186160,0.015734
Puebla,21,2019,0.044263,-0.804143,0.186160,0.025498
Querétaro,22,2019,0.051619,-0.904916,0.186160,0.037621
Quintana Roo,23,2019,0.037024,-0.694853,0.186160,0.027470
San Luis Potosí,24,2019,0.038875,-0.690752,0.186160,0.025046
Sinaloa,25,2019,0.021659,-0.989585,0.186160,0.031913
Sonora,26,2019,0.034292,-0.496192,0.186160,0.036990
Tabasco,27,2019,0.035320,-0.823429,0.186160,0.072326
Tamaulipas,28,2019,0.027762,-0.734982,0.186160,0.038761
Tlaxcala,29,2019,0.032004,-0.739302,0.186160,0.036998
Veracruz,30,2019,0.029504,-1.118151,0.186160,0.030071
Yucatán,31,2019,0.042865,-0.822628,0.186160,0.017941
Zacatecas,32,2019,0.037912,-0.816117,0.186160,0.029436
Aguascalientes,01,2020,0.040995,0.169566,0.143267,0.035227
Baja California,02,2020,0.035276,0.943119,0.143267,0.025468
Baja California Sur,03,2020,0.025526,-2.702139,0.143267,0.044727
Campeche,04,2020,0.032883,-0.158440,0.143267,0.032963
Coahuila,05,2020,0.041009,-0.001381,0.143267,0.045553
Colima,06,2020,0.028785,0.635780,0.143267,0.035796
Chiapas,07,2020,0.045851,1.675950,0.143267,0.032140
Chihuahua,08,2020,0.028522,-0.370327,0.143267,0.030470
Ciudad de México,09,2020,0.033847,-0.035792,0.143267,0.049967
Durango,10,2020,0.037544,-0.056781,0.143267,0.040249
Guanajuato,11,2020,0.024462,-0.020166,0.143267,0.037132
Guerrero,12,2020,0.040406,0.122808,0.143267,0.015190
Hidalgo,13,2020,0.040823,0.434184,0.143267,0.024337
Jalisco,14,2020,0.033098,0.240151,0.143267,0.029483
México,15,2020,0.035789,-0.548956,0.143267,0.044984
Michoacán,16,2020,0.029259,0.232665,0.143267,0.027221
Morelos,17,2020,0.033243,0.093310,0.143267,0.023079
Nayarit,18,2020,0.027128,1.365813,0.143267,0.039201
Nuevo León,19,2020,0.027836,3.785769,0.143267,0.035600
Oaxaca,20,2020,0.037250,-0.059953,0.143267,0.017840
Puebla,21,2020,0.039293,1.349062,0.143267,0.026391
Querétaro,22,2020,0.037835,2.346382,0.143267,0.043123
Quintana Roo,23,2020,0.028808,-0.801211,0.143267,0.030798
San Luis Potosí,24,2020,0.036286,-0.048333,0.143267,0.026572
Sinaloa,25,2020,0.030710,24.151237,0.143267,0.032423
Sonora,26,2020,0.030127,-0.412861,0.143267,0.042874
Tabasco,27,2020,0.044252,0.674532,0.143267,0.070755
Tamaulipas,28,2020,0.029937,0.010408,0.143267,0.034701
Tlaxcala,29,2020,0.035208,0.924597,0.143267,0.037389
Veracruz,30,2020,0.034052,-5.748315,0.143267,0.029518
Yucatán,31,2020,0.037425,0.132148,0.143267,0.018945
Zacatecas,32,2020,0.033303,1.779429,0.143267,0.030619
Aguascalientes,01,2021,0.055109,4.080297,0.092270,0.045800
Baja California,02,2021,0.071125,1.829615,0.092270,0.025987
Baja California Sur,03,2021,0.053132,8.616485,0.092270,0.055499
Campeche,04,2021,0.054271,4.203765,0.092270,0.033328
Coahuila,05,2021,0.066850,8.047864,0.092270,0.060989
Colima,06,2021,0.062267,9.755687,0.092270,0.036941
Chiapas,07,2021,0.057670,1.743956,0.092270,0.029029
Chihuahua,08,2021,0.066158,7.419479,0.092270,0.039747
Ciudad de México,09,2021,0.049965,3.633419,0.092270,0.064492
Durango,10,2021,0.063287,5.765083,0.092270,0.045802
Guanajuato,11,2021,0.054837,6.595034,0.092270,0.051799
Guerrero,12,2021,0.061856,3.703636,0.092270,0.024250
Hidalgo,13,2021,0.050809,2.408189,0.092270,0.024657
Jalisco,14,2021,0.062176,3.617130,0.092270,0.039981
México,15,2021,0.054340,10.082125,0.092270,0.060618
Michoacán,16,2021,0.057161,2.174315,0.092270,0.023975
Morelos,17,2021,0.056667,3.969233,0.092270,0.023654
Nayarit,18,2021,0.055411,2.615648,0.092270,0.043220
Nuevo León,19,2021,0.050846,3.450352,0.092270,0.044110
Oaxaca,20,2021,0.060464,1.653113,0.092270,0.021553
Puebla,21,2021,0.056758,2.689501,0.092270,0.044923
Querétaro,22,2021,0.056562,6.240453,0.092270,0.062081
Quintana Roo,23,2021,0.045443,21.820489,0.092270,0.072367
San Luis Potosí,24,2021,0.061651,4.190853,0.092270,0.031088
Sinaloa,25,2021,0.064118,6.318904,0.092270,0.035336
Sonora,26,2021,0.058554,5.035335,0.092270,0.053342
Tabasco,27,2021,0.047628,7.656303,0.092270,0.068938
Tamaulipas,28,2021,0.058040,7.165436,0.092270,0.034233
Tlaxcala,29,2021,0.063007,3.143223,0.092270,0.053416
Veracruz,30,2021,0.050001,3.467818,0.092270,0.029332
Yucatán,31,2021,0.054779,4.972560,0.092270,0.027387
Zacatecas,32,2021,0.074372,1.894130,0.092270,0.037944
Aguascalientes,01,2022,0.074890,-0.002501,0.124990,0.041242
Baja California,02,2022,0.092997,-0.198849,0.124990,0.024811
Baja California Sur,03,2022,0.071193,-0.175140,0.124990,0.040596
Campeche,04,2022,0.098065,-0.208878,0.124990,0.029586
Coahuila,05,2022,0.091218,-0.185446,0.124990,0.049230
Colima,06,2022,0.079090,-0.448564,0.124990,0.031110
Chiapas,07,2022,0.095410,-0.020067,0.124990,0.031742
Chihuahua,08,2022,0.079051,0.214655,0.124990,0.033708
Ciudad de México,09,2022,0.068031,0.024479,0.124990,0.068622
Durango,10,2022,0.089859,-0.123689,0.124990,0.040965
Guanajuato,11,2022,0.073797,0.293578,0.124990,0.052115
Guerrero,12,2022,0.089760,0.208002,0.124990,0.015527
Hidalgo,13,2022,0.086976,0.337158,0.124990,0.029564
Jalisco,14,2022,0.076728,0.035211,0.124990,0.033880
México,15,2022,0.065693,0.266038,0.124990,0.058026
Michoacán,16,2022,0.092655,-0.016615,0.124990,0.023167
Morelos,17,2022,0.086689,-0.141524,0.124990,0.023525
Nayarit,18,2022,0.082663,-0.167507,0.124990,0.028629
Nuevo León,19,2022,0.084928,0.092049,0.124990,0.044850
Oaxaca,20,2022,0.095982,0.115138,0.124990,0.016019
Puebla,21,2022,0.075572,-0.024197,0.124990,0.038732
Querétaro,22,2022,0.067157,-0.241159,0.124990,0.054662
Quintana Roo,23,2022,0.072747,-0.166169,0.124990,0.058786
San Luis Potosí,24,2022,0.079297,-0.066845,0.124990,0.033810
Sinaloa,25,2022,0.083677,0.405622,0.124990,0.026771
Sonora,26,2022,0.074170,-0.263026,0.124990,0.038334
Tabasco,27,2022,0.071648,0.108002,0.124990,0.058212
Tamaulipas,28,2022,0.071800,-0.518200,0.124990,0.035109
Tlaxcala,29,2022,0.082445,-0.270040,0.124990,0.052121
Veracruz,30,2022,0.080293,-0.315663,0.124990,0.033790
Yucatán,31,2022,0.087707,-0.072558,0.124990,0.024792
Zacatecas,32,2022,0.096371,-0.091919,0.124990,0.035044
Aguascalientes,01,2023,0.061074,-0.647546,0.139492,0.037737
Baja California,02,2023,0.049822,-0.971144,0.139492,0.024288
Baja California Sur,03,2023,0.052122,-0.797226,0.139492,0.028316
Campeche,04,2023,0.067298,-0.755550,0.139492,0.025739
Coahuila,05,2023,0.050500,-0.777052,0.139492,0.041766
Colima,06,2023,0.060567,-0.612329,0.139492,0.025752
Chiapas,07,2023,0.067460,-0.708874,0.139492,0.024260
Chihuahua,08,2023,0.053723,-0.579289,0.139492,0.023774
Ciudad de México,09,2023,0.050609,-0.695257,0.139492,0.052572
Durango,10,2023,0.057657,-0.708863,0.139492,0.032961
Guanajuato,11,2023,0.057185,-0.743942,0.139492,0.034133
Guerrero,12,2023,0.056187,-0.760107,0.139492,0.014046
Hidalgo,13,2023,0.045996,-0.390825,0.139492,0.023445
Jalisco,14,2023,0.059881,-0.751078,0.139492,0.024708
México,15,2023,0.044986,-0.469441,0.139492,0.047087
Michoacán,16,2023,0.060375,-0.442535,0.139492,0.017166
Morelos,17,2023,0.057101,-0.728387,0.139492,0.022775
Nayarit,18,2023,0.067575,-0.538112,0.139492,0.026422
Nuevo León,19,2023,0.050058,-0.765716,0.139492,0.038844
Oaxaca,20,2023,0.061711,-0.408627,0.139492,0.014269
Puebla,21,2023,0.055353,-0.712667,0.139492,0.028893
Querétaro,22,2023,0.051473,-0.863842,0.139492,0.038386
Quintana Roo,23,2023,0.058313,-0.860103,0.139492,0.026901
San Luis Potosí,24,2023,0.058062,-0.214593,0.139492,0.030841
Sinaloa,25,2023,0.057877,-0.847095,0.139492,0.029302
Sonora,26,2023,0.044494,-0.918345,0.139492,0.030718
Tabasco,27,2023,0.052696,-0.636404,0.139492,0.049753
Tamaulipas,28,2023,0.046843,-0.916373,0.139492,0.034910
Tlaxcala,29,2023,0.054092,-0.485821,0.139492,0.038358
Veracruz,30,2023,0.054544,-0.837027,0.139492,0.027355
Yucatán,31,2023,0.075786,-0.663594,0.139492,0.019720
Zacatecas,32,2023,0.054700,-0.587708,0.139492,0.027970
Aguascalientes,01,2024,0.045555,-0.582783,0.142191,0.032252
Baja California,02,2024,0.057107,-1.651399,0.142191,0.021760
Baja California Sur,03,2024,0.034896,-0.707243,0.142191,0.027274
Campeche,04,2024,0.045617,-0.549919,0.142191,0.017640
Coahuila,05,2024,0.044712,-0.078523,0.142191,0.038870
Colima,06,2024,0.053879,-0.234132,0.142191,0.023011
Chiapas,07,2024,0.063586,-0.675698,0.142191,0.021352
Chihuahua,08,2024,0.039616,-0.713411,0.142191,0.025019
Ciudad de México,09,2024,0.045192,-0.404153,0.142191,0.040244
Durango,10,2024,0.042730,-0.327672,0.142191,0.029442
Guanajuato,11,2024,0.041993,-0.511248,0.142191,0.031352
Guerrero,12,2024,0.035784,-1.307856,0.142191,0.011657
Hidalgo,13,2024,0.040714,-0.703303,0.142191,0.024210
Jalisco,14,2024,0.047130,-0.513147,0.142191,0.024429
México,15,2024,0.040739,-0.368020,0.142191,0.036429
Michoacán,16,2024,0.049909,-0.567361,0.142191,0.019284
Morelos,17,2024,0.046879,-0.131062,0.142191,0.018614
Nayarit,18,2024,0.048814,-0.909514,0.142191,0.021028
Nuevo León,19,2024,0.047816,-0.340636,0.142191,0.031001
Oaxaca,20,2024,0.057304,-0.334466,0.142191,0.015123
Puebla,21,2024,0.053296,0.183945,0.142191,0.024099
Querétaro,22,2024,0.045861,0.740108,0.142191,0.028949
Quintana Roo,23,2024,0.043123,-0.680912,0.142191,0.025710
San Luis Potosí,24,2024,0.049157,-0.079269,0.142191,0.027486
Sinaloa,25,2024,0.045991,-0.991843,0.142191,0.023807
Sonora,26,2024,0.041069,0.606730,0.142191,0.028025
Tabasco,27,2024,0.037632,-0.827800,0.142191,0.039286
Tamaulipas,28,2024,0.042538,7.573825,0.142191,0.031242
Tlaxcala,29,2024,0.050230,-0.963449,0.142191,0.033352
Veracruz,30,2024,0.045970,-0.199038,0.142191,0.021086
Yucatán,31,2024,0.055013,-0.527338,0.142191,0.018485
Zacatecas,32,2024,0.055282,0.270016,0.142191,0.028720
Aguascalientes,01,2025,0.040767,0.910319,0.078512,0.032149
Baja California,02,2025,0.047306,-10.683311,0.078512,0.025114
Baja California Sur,03,2025,0.021854,1.553967,0.078512,0.022609
Campeche,04,2025,0.036620,-1.412839,0.078512,0.018522
Coahuila,05,2025,0.039006,1.018228,0.078512,0.038830
Colima,06,2025,0.039537,1.341308,0.078512,0.021977
Chiapas,07,2025,0.035203,0.690126,0.078512,0.020005
Chihuahua,08,2025,0.030402,0.414291,0.078512,0.023797
Ciudad de México,09,2025,0.039146,0.372674,0.078512,0.039912
Durango,10,2025,0.041197,-0.366551,0.078512,0.030538
Guanajuato,11,2025,0.039979,-0.056495,0.078512,0.029264
Guerrero,12,2025,0.042378,-2.854373,0.078512,0.012055
Hidalgo,13,2025,0.038828,0.500503,0.078512,0.020820
Jalisco,14,2025,0.041625,0.903081,0.078512,0.020948
México,15,2025,0.037702,0.135196,0.078512,0.034565
Michoacán,16,2025,0.038273,0.495673,0.078512,0.017818
Morelos,17,2025,0.029706,0.620109,0.078512,0.018002
Nayarit,18,2025,0.042521,7.230553,0.078512,0.022127
Nuevo León,19,2025,0.035173,-0.070224,0.078512,0.029272
Oaxaca,20,2025,0.042253,1.005609,0.078512,0.013850
Puebla,21,2025,0.035042,-0.535479,0.078512,0.022217
Querétaro,22,2025,0.039430,1.065520,0.078512,0.024646
Quintana Roo,23,2025,0.044877,10.534559,0.078512,0.025187
San Luis Potosí,24,2025,0.043319,0.318251,0.078512,0.029402
Sinaloa,25,2025,0.033502,166.800756,0.078512,0.022847
Sonora,26,2025,0.027401,1.207901,0.078512,0.031778
Tabasco,27,2025,0.031064,1.235566,0.078512,0.040010
Tamaulipas,28,2025,0.036264,-0.146467,0.078512,0.032175
Tlaxcala,29,2025,0.027900,17.563760,0.078512,0.029435
Veracruz,30,2025,0.041106,3.496697,0.078512,0.021009
Yucatán,31,2025,0.040745,0.905972,0.078512,0.017548
Zacatecas,32,2025,0.033150,-0.068044,0.078512,0.027088
